<?xml version="1.0" encoding="UTF-8"?>
<metadata xml:lang="ko"><Esri><CreaDate>20200703</CreaDate><CreaTime>10253500</CreaTime><ArcGISFormat>1.0</ArcGISFormat><SyncOnce>TRUE</SyncOnce><DataProperties><lineage><Process ToolSource="c:\program files (x86)\arcgis\desktop10.3\ArcToolbox\Toolboxes\Data Management Tools.tbx\CalculateField" Date="20200305" Time="103206">CalculateField bnd_oa_00_2019_2019_2Q zipcode [TOT_REG_CD] VB #</Process><Process ToolSource="c:\program files (x86)\arcgis\desktop10.3\ArcToolbox\Toolboxes\Data Management Tools.tbx\CalculateField" Date="20200305" Time="103410">CalculateField bnd_oa_00_2019_2019_2Q zipcode [TOT_REG_CD] VB #</Process></lineage></DataProperties></Esri></metadata>
